{
  "cli": {
    "appVersionSource": "remote"
  },
  "build": {
    "development": {
      "channel": "development",
      "distribution": "internal",
      "developmentClient": true,
      "android": {
        "buildType": "apk"
      },
      "env": {}
    },
    "preview": {
      "channel": "preview",
      "distribution": "internal",
      "android": {
        "buildType": "apk"
      },
      "env": {}
    },
    "production": {
      "channel": "production",
      "android": {
        "buildType": "app-bundle"
      },
      "env": {}
    },
    "production-apk": {
      "channel": "production",
      "distribution": "internal",
      "android": {
        "buildType": "apk"
      },
      "env": {}
    }
  },
  "submit": {
    "production": {}
  }
}
